VHH1	VHH1
VHH2	VHH2
VHH3	VHH3
VHH4	VHH4
VHH5	VHH5
VHH6	VHH6
VHH7	VHH7
VHH8	VHH8
VHH9	VHH9
VHH10	VHH10
VHH11	VHH11
VHH13	VHH13
VHH14	VHH14
VHH15	VHH15
VHH16	VHH16
VHH17	VHH17
VHH20	VHH20
VHH21	VHH21
VHH22	VHH22
VHH23	VHH23
VHH23	VHH96
VHH23	VHH174
VHH23	VHH237
VHH23	VHH277
VHH23	VHH407
VHH25	VHH25
VHH25	VHH19
VHH25	VHH38
VHH25	VHH89
VHH25	VHH158
VHH25	VHH166
VHH25	VHH240
VHH25	VHH281
VHH25	VHH34
VHH25	VHH24
VHH25	VHH41
VHH25	VHH53
VHH25	VHH76
VHH25	VHH133
VHH25	VHH204
VHH25	VHH227
VHH25	VHH233
VHH25	VHH250
VHH25	VHH288
VHH25	VHH292
VHH25	VHH327
VHH25	VHH340
VHH25	VHH349
VHH25	VHH374
VHH25	VHH400
VHH25	VHH422
VHH27	VHH27
VHH28	VHH28
VHH29	VHH29
VHH30	VHH30
VHH31	VHH31
VHH33	VHH33
VHH35	VHH35
VHH37	VHH37
VHH39	VHH39
VHH40	VHH40
VHH42	VHH42
VHH43	VHH43
VHH46	VHH46
VHH47	VHH47
VHH48	VHH48
VHH49	VHH49
VHH50	VHH50
VHH50	VHH294
VHH54	VHH54
VHH55	VHH55
VHH56	VHH56
VHH56	VHH12
VHH56	VHH193
VHH56	VHH300
VHH57	VHH57
VHH58	VHH58
VHH59	VHH59
VHH59	VHH127
VHH60	VHH60
VHH61	VHH61
VHH65	VHH65
VHH66	VHH66
VHH67	VHH67
VHH68	VHH68
VHH69	VHH69
VHH70	VHH70
VHH70	VHH45
VHH70	VHH84
VHH70	VHH91
VHH70	VHH101
VHH70	VHH103
VHH70	VHH104
VHH70	VHH121
VHH70	VHH263
VHH70	VHH266
VHH70	VHH268
VHH70	VHH307
VHH70	VHH312
VHH70	VHH338
VHH70	VHH361
VHH70	VHH384
VHH70	VHH413
VHH70	VHH423
VHH71	VHH71
VHH72	VHH72
VHH77	VHH77
VHH78	VHH78
VHH79	VHH79
VHH80	VHH80
VHH81	VHH81
VHH82	VHH82
VHH83	VHH83
VHH86	VHH86
VHH87	VHH87
VHH90	VHH90
VHH92	VHH92
VHH93	VHH93
VHH94	VHH94
VHH95	VHH95
VHH98	VHH98
VHH99	VHH99
VHH301	VHH301
VHH302	VHH302
VHH303	VHH303
VHH304	VHH304
VHH304	VHH36
VHH305	VHH305
VHH306	VHH306
VHH308	VHH308
VHH309	VHH309
VHH310	VHH310
VHH311	VHH311
VHH314	VHH314
VHH316	VHH316
VHH316	VHH253
VHH317	VHH317
VHH318	VHH318
VHH319	VHH319
VHH320	VHH320
VHH321	VHH321
VHH322	VHH322
VHH324	VHH324
VHH325	VHH325
VHH326	VHH326
VHH326	VHH85
VHH326	VHH88
VHH326	VHH269
VHH328	VHH328
VHH329	VHH329
VHH330	VHH330
VHH331	VHH331
VHH332	VHH332
VHH333	VHH333
VHH334	VHH334
VHH335	VHH335
VHH335	VHH156
VHH336	VHH336
VHH337	VHH337
VHH339	VHH339
VHH341	VHH341
VHH342	VHH342
VHH343	VHH343
VHH344	VHH344
VHH345	VHH345
VHH346	VHH346
VHH347	VHH347
VHH348	VHH348
VHH350	VHH350
VHH351	VHH351
VHH351	VHH109
VHH352	VHH352
VHH353	VHH353
VHH354	VHH354
VHH356	VHH356
VHH357	VHH357
VHH357	VHH63
VHH358	VHH358
VHH359	VHH359
VHH362	VHH362
VHH363	VHH363
VHH363	VHH62
VHH363	VHH323
VHH364	VHH364
VHH365	VHH365
VHH366	VHH366
VHH367	VHH367
VHH368	VHH368
VHH369	VHH369
VHH370	VHH370
VHH371	VHH371
VHH372	VHH372
VHH373	VHH373
VHH375	VHH375
VHH376	VHH376
VHH377	VHH377
VHH378	VHH378
VHH379	VHH379
VHH379	VHH32
VHH379	VHH173
VHH380	VHH380
VHH381	VHH381
VHH382	VHH382
VHH383	VHH383
VHH385	VHH385
VHH386	VHH386
VHH387	VHH387
VHH388	VHH388
VHH389	VHH389
VHH390	VHH390
VHH391	VHH391
VHH392	VHH392
VHH393	VHH393
VHH396	VHH396
VHH396	VHH74
VHH397	VHH397
VHH398	VHH398
VHH399	VHH399
VHH399	VHH73
VHH100	VHH100
VHH102	VHH102
VHH105	VHH105
VHH105	VHH26
VHH105	VHH298
VHH106	VHH106
VHH107	VHH107
VHH108	VHH108
VHH110	VHH110
VHH112	VHH112
VHH113	VHH113
VHH114	VHH114
VHH115	VHH115
VHH116	VHH116
VHH117	VHH117
VHH118	VHH118
VHH120	VHH120
VHH122	VHH122
VHH123	VHH123
VHH124	VHH124
VHH126	VHH126
VHH128	VHH128
VHH130	VHH130
VHH131	VHH131
VHH131	VHH132
VHH131	VHH18
VHH131	VHH97
VHH131	VHH141
VHH131	VHH171
VHH131	VHH209
VHH131	VHH313
VHH131	VHH51
VHH131	VHH315
VHH134	VHH134
VHH135	VHH135
VHH136	VHH136
VHH136	VHH145
VHH136	VHH243
VHH137	VHH137
VHH139	VHH139
VHH140	VHH140
VHH142	VHH142
VHH143	VHH143
VHH146	VHH146
VHH147	VHH147
VHH148	VHH148
VHH149	VHH149
VHH150	VHH150
VHH150	VHH360
VHH151	VHH151
VHH151	VHH125
VHH152	VHH152
VHH153	VHH153
VHH154	VHH154
VHH155	VHH155
VHH157	VHH157
VHH159	VHH159
VHH160	VHH160
VHH161	VHH161
VHH162	VHH162
VHH163	VHH163
VHH164	VHH164
VHH165	VHH165
VHH167	VHH167
VHH168	VHH168
VHH169	VHH169
VHH170	VHH170
VHH172	VHH172
VHH176	VHH176
VHH177	VHH177
VHH178	VHH178
VHH180	VHH180
VHH181	VHH181
VHH182	VHH182
VHH182	VHH64
VHH183	VHH183
VHH184	VHH184
VHH185	VHH185
VHH186	VHH186
VHH186	VHH0
VHH187	VHH187
VHH187	VHH52
VHH188	VHH188
VHH190	VHH190
VHH192	VHH192
VHH192	VHH395
VHH194	VHH194
VHH195	VHH195
VHH196	VHH196
VHH198	VHH198
VHH199	VHH199
VHH401	VHH401
VHH401	VHH394
VHH402	VHH402
VHH403	VHH403
VHH404	VHH404
VHH404	VHH175
VHH405	VHH405
VHH406	VHH406
VHH408	VHH408
VHH409	VHH409
VHH410	VHH410
VHH411	VHH411
VHH412	VHH412
VHH414	VHH414
VHH415	VHH415
VHH415	VHH138
VHH415	VHH144
VHH416	VHH416
VHH417	VHH417
VHH418	VHH418
VHH419	VHH419
VHH420	VHH420
VHH420	VHH257
VHH421	VHH421
VHH424	VHH424
VHH425	VHH425
VHH426	VHH426
VHH426	VHH75
VHH200	VHH200
VHH201	VHH201
VHH203	VHH203
VHH205	VHH205
VHH206	VHH206
VHH207	VHH207
VHH210	VHH210
VHH210	VHH208
VHH211	VHH211
VHH212	VHH212
VHH213	VHH213
VHH214	VHH214
VHH215	VHH215
VHH216	VHH216
VHH217	VHH217
VHH218	VHH218
VHH219	VHH219
VHH220	VHH220
VHH221	VHH221
VHH222	VHH222
VHH223	VHH223
VHH224	VHH224
VHH225	VHH225
VHH226	VHH226
VHH226	VHH189
VHH226	VHH264
VHH226	VHH355
VHH228	VHH228
VHH229	VHH229
VHH229	VHH111
VHH229	VHH191
VHH230	VHH230
VHH231	VHH231
VHH232	VHH232
VHH234	VHH234
VHH235	VHH235
VHH236	VHH236
VHH238	VHH238
VHH239	VHH239
VHH241	VHH241
VHH242	VHH242
VHH242	VHH44
VHH242	VHH129
VHH244	VHH244
VHH244	VHH197
VHH245	VHH245
VHH246	VHH246
VHH247	VHH247
VHH248	VHH248
VHH249	VHH249
VHH251	VHH251
VHH251	VHH202
VHH252	VHH252
VHH254	VHH254
VHH255	VHH255
VHH255	VHH119
VHH256	VHH256
VHH258	VHH258
VHH259	VHH259
VHH260	VHH260
VHH261	VHH261
VHH262	VHH262
VHH265	VHH265
VHH267	VHH267
VHH270	VHH270
VHH271	VHH271
VHH272	VHH272
VHH273	VHH273
VHH274	VHH274
VHH275	VHH275
VHH276	VHH276
VHH278	VHH278
VHH279	VHH279
VHH280	VHH280
VHH282	VHH282
VHH283	VHH283
VHH284	VHH284
VHH285	VHH285
VHH286	VHH286
VHH287	VHH287
VHH289	VHH289
VHH289	VHH179
VHH290	VHH290
VHH291	VHH291
VHH293	VHH293
VHH295	VHH295
VHH296	VHH296
VHH297	VHH297
VHH299	VHH299
